"","addrpct","perc_142007","perc_142008","perc_142009","perc_142010","perc_242007","perc_242008","perc_242009","perc_242010","perc_272007","perc_272008","perc_272009","perc_272010","perc_282007","perc_282008","perc_282009","perc_282010","perc_452007","perc_452008","perc_452009","perc_452010","perc_582007","perc_582008","perc_582009","perc_582010","perc_622007","perc_622008","perc_622009","perc_622010","perc_722007","perc_722008","perc_722009","perc_722010","perc_742007","perc_742008","perc_742009","perc_742010","perc_772007","perc_772008","perc_772009","perc_772010","perc_852007","perc_852008","perc_852009","perc_852010","perc_92007","perc_92008","perc_92009","perc_92010","perc_952007","perc_952008","perc_952009","perc_952010"
"1",1,6.01503759398496,9.88372093023256,5.36723163841808,9.80557903634827,1.00250626566416,2.0671834625323,2.04802259887006,1.01437024513948,0.417710944026733,1.48578811369509,3.53107344632768,2.1978021978022,0.918964076858814,1.16279069767442,1.0593220338983,1.35249366018597,64.7451963241437,59.7545219638243,57.4152542372881,57.0583262890955,1.58730158730159,0.258397932816538,NA,0.591715976331361,0.167084377610693,NA,NA,NA,NA,NA,0.0706214689265537,NA,0.584795321637427,0.968992248062015,0.282485875706215,NA,0.0835421888053467,0.258397932816538,0.141242937853107,0.084530853761623,17.7944862155388,17.312661498708,19.9152542372881,12.5950972104818,5.84795321637427,6.0077519379845,8.96892655367232,10.5663567202029,0.835421888053467,0.839793281653747,1.20056497175141,4.73372781065089
"13",10,17.8631995477671,20.9465791940019,16.0270880361174,34.0380549682875,12.6625211984172,10.1686972820993,8.50263355906697,6.06060606060606,3.27868852459016,6.79475164011247,11.3619262603461,8.17477096546864,12.6059920859242,7.16963448922212,8.50263355906697,6.553911205074,19.8982475975127,16.9634489222118,19.1873589164786,12.5440451021846,NA,NA,NA,NA,0.113058224985868,0.0468603561387067,NA,0.140944326990839,NA,NA,NA,NA,0.282645562464669,0.749765698219306,0.300978179082017,1.05708245243129,0.0565291124929339,0.0468603561387067,0.0752445447705041,0.211416490486258,20.520067834935,24.7422680412371,19.3378480060196,20.507399577167,12.3798756359525,12.136832239925,16.4033107599699,10.5708245243129,0.339174674957603,0.234301780693533,0.300978179082017,0.140944326990839
"24",100,18.6014935505771,22.9040622299049,28.6666666666667,25.119780971937,16.5648336727766,7.00086430423509,7.16666666666667,8.55578370978782,5.97420230821453,7.17372515125324,6.08333333333333,10.7460643394935,24.1004752206382,6.39585133967156,6,3.76454483230664,2.1724372029871,7.60587726879862,3.08333333333333,5.4757015742642,NA,NA,0.0833333333333333,NA,NA,0.0864304235090752,0.0833333333333333,NA,NA,NA,NA,NA,0.0678886625933469,0.345721694036301,0.333333333333333,0.205338809034908,0.271554650373388,0.0864304235090752,4.5,0.0684462696783025,20.6381534283775,29.4727744165946,24.8333333333333,27.5154004106776,11.541072640869,18.7554019014693,18.9166666666667,17.9329226557153,0.0678886625933469,0.17286084701815,0.25,0.616016427104723
"34",101,15.0395778364116,9.87394957983193,10.3566824237215,24.1886918701907,7.21196130167106,10.4516806722689,9.54018048990116,4.34928069588491,10.6420404573439,8.61344537815126,9.88397077782553,5.41987286717966,16.9744942832014,13.3928571428571,13.3218736570692,10.4382736701238,1.67106420404573,3.41386554621849,1.84787279759347,1.23787219805955,0.0439753737906772,NA,0.0859475719810915,NA,0.263852242744063,0.367647058823529,0.128921357971637,0.0669120107059217,NA,NA,NA,NA,0.219876868953386,0.262605042016807,0.214868929952729,0.167280026764804,0.351802990325418,0.105042016806723,5.5436183927804,0.167280026764804,39.8856640281442,46.0609243697479,40.0085947571981,43.9277350284376,7.43183817062445,7.30042016806723,8.98152127202406,10.0033456005353,0.263852242744063,0.157563025210084,0.0859475719810915,0.0334560053529609
"46",102,35.7084357084357,32.6592737551642,42.9084380610413,34.6161595808986,3.19410319410319,1.91345944770602,1.30802769941011,1.99476123312513,3.15315315315315,2.39182430963253,2.76994101051552,1.59177916582712,2.53890253890254,2.06566644922809,0.461656835085919,1.12834978843441,1.84275184275184,1.41335072841922,1.41061810720698,3.26415474511384,0.0819000819000819,0.0217438573602957,NA,NA,0.0819000819000819,0.0217438573602957,NA,0.0201491033649003,NA,NA,NA,NA,0.245700245700246,0.45662100456621,0.615542446781226,0.080596413459601,0.122850122850123,0.195694716242661,0.23082841754296,0.080596413459601,38.5749385749386,49.9021526418787,41.9594767889202,49.687688897844,14.4553644553645,8.95846923244184,8.33547063349577,7.5357646584727,NA,NA,NA,NA
"57",103,17.0107033639144,17.0872142252329,15.9235668789809,8.3736079008195,13.0733944954128,10.0423370025402,13.7579617834395,6.28283252784198,4.30045871559633,3.6917866215072,6.09645131938126,6.98676192477411,9.30810397553517,8.53513971210838,9.93630573248408,4.19205715486447,15.7110091743119,19.0177815410669,9.04458598726115,5.8940953981929,0.191131498470948,0.0508044030482642,0.236578707916288,0.0315192267283043,0.095565749235474,0.118543607112616,0.0181983621474067,0.0630384534566085,0.0573394495412844,NA,NA,0.0105064089094348,0.726299694189602,0.457239627434378,0.764331210191083,1.208237024585,0.095565749235474,3.18374259102456,0.0909918107370337,0.115570498003782,33.6391437308869,30.956816257409,33.8671519563239,60.3067871401555,5.75305810397554,6.85859441151566,10.2092811646952,6.45093507039294,0.0382262996941896,NA,0.0545950864422202,0.084051271275478
"70",104,36.9210174029451,34.3174303259329,46.1945031712474,46.4183381088825,8.62115127175368,11.9036372224846,6.40591966173362,2.13597290961188,1.4190093708166,0.779404818138876,1.64904862579281,1.95363375879135,4.01606425702811,5.83372697213037,3.65750528541226,1.06798645480594,1.63319946452477,1.41709966934341,2.09302325581395,4.01146131805158,NA,0.0236183278223902,NA,NA,0.0267737617135207,NA,0.0211416490486258,NA,NA,NA,NA,NA,0.401606425702811,0.425129900803023,0.824524312896406,0.13024225058609,NA,0.0236183278223902,NA,NA,42.2222222222222,37.411431270666,27.7167019027484,33.7848398020318,4.73895582329317,7.86490316485593,11.4164904862579,10.4975253972389,NA,NA,0.0211416490486258,NA
"79",105,42.4418604651163,36.0277865487843,42.4829157175399,28.7050713934023,1.85599284436494,3.78907483422798,4.55580865603645,3.00344657804037,3.15295169946333,4.54688980107357,4.64692482915718,7.41014278680453,2.03488372093023,2.58920113672245,2.32346241457859,2.41260462826194,0.491949910554562,0.820966214082728,0.797266514806378,0.615460364352536,0.0223613595706619,0.0631512472371329,NA,NA,0.0223613595706619,0.0315756236185665,0.0227790432801822,0.123092072870507,NA,NA,NA,NA,0.0670840787119857,NA,0.0683371298405467,0.0738552437223043,0.0670840787119857,2.68392800757815,0.273348519362187,0.0246184145741014,47.4955277280859,43.3849068519103,41.8451025056948,51.9694731659281,2.23613595706619,5.99936848752763,2.96127562642369,5.26834071885771,0.111806797853309,0.0631512472371329,0.0227790432801822,0.393894633185623
"91",106,38.0538302277433,31.1820159535896,34.118873826903,29.2855202390655,5.75569358178054,4.68938844573362,5.50573514077164,1.87449062754686,1.78053830227743,2.53807106598985,1.93952033368092,1.62999185004075,6.33540372670807,2.65893159294174,2.33576642335766,1.65715838087476,2.0703933747412,2.19966159052453,1.77267987486966,2.173322466721,NA,0.0241721053903795,NA,NA,0.041407867494824,NA,NA,NA,NA,0.0241721053903795,NA,NA,NA,0.169204737732657,0.291970802919708,0.380331431676175,NA,0.169204737732657,0.0417101147028154,0.0814995925020375,40.3312629399586,52.1875755378293,50.2189781021898,58.4080412931269,5.50724637681159,4.13343002175489,3.75391032325339,4.42814452594404,0.124223602484472,0.0241721053903795,0.0208550573514077,0.0814995925020375
"100",107,53.0950626381724,44.5698166431594,30.2802048809882,18.9755235932374,1.91599115696389,2.48236953455571,2.44049412473637,1.53923795104719,4.16359616801769,1.60789844851904,4.7905995781862,9.66439565985365,0.478997789240973,0.987306064880113,0.602591141910214,0.706535452939692,2.72660280029477,4.31593794076164,14.1910213919855,8.85692657077971,0.0736919675755343,NA,NA,NA,0.0736919675755343,0.0282087447108604,0.0301295570955107,NA,NA,NA,NA,NA,0.147383935151069,0.0564174894217207,0.0301295570955107,0.0757002271006813,0.0368459837877671,0.112834978843441,0.0301295570955107,0.378501135503407,30.066322770818,41.8617771509168,39.1985537812594,53.7219278324502,7.11127487103906,3.92101551480959,8.31575775836095,6.0560181680545,0.110537951363301,0.0564174894217207,0.0903886712865321,0.0252334090335604
"112",108,44.5175993922512,43.0601092896175,45.0683735816119,32.2126436781609,5.44441630792606,2.07650273224044,4.36427116671516,7.58620689655172,1.8738921245885,2.04918032786885,1.57113762001746,2.09770114942529,4.88731324385921,4.45355191256831,6.05178935117835,9.77011494252874,2.6335781210433,3.22404371584699,4.10241489671225,6.66666666666667,NA,0.0546448087431694,NA,NA,0.0253228665484933,0.0546448087431694,0.0290951411114344,NA,NA,NA,NA,NA,0.379842998227399,0.437158469945355,0.931044515565901,0.804597701149425,NA,0.0819672131147541,NA,0.0862068965517241,33.2742466447202,37.103825136612,28.6296188536514,33.0172413793103,6.25474803747784,7.10382513661202,8.75763747454175,7.44252873563218,0.709040263357812,0.300546448087432,0.494617398894385,0.316091954022989
"122",109,51.6232038318254,39.7285626156693,46.8427264679847,48.0340557275542,6.46620542841937,5.05860579888957,3.29005606373561,3.04953560371517,10.4044704630122,4.11268764137364,4.97196813219239,6.43962848297214,2.5279403938265,2.87888134896155,1.50486869282974,1.65634674922601,3.43267695582757,5.24367674275139,4.72115668338743,3.8390092879257,NA,0.0205634382068682,0.0295072292711714,0.0154798761609907,0.0532197977647685,0.0205634382068682,NA,0.0154798761609907,NA,NA,NA,NA,0.345928685470995,0.575776269792309,2.25730303924461,1.03715170278638,0.212879191059074,0.0205634382068682,0.0442608439067572,0.0154798761609907,13.2783395423097,34.5877030639523,30.6580112127471,29.1331269349845,11.4156466205428,7.58790869833436,5.66538802006492,6.64086687306502,0.239489089941458,0.164507505654945,0.0147536146355857,0.123839009287926
"133",110,35.1885460778383,28.5071508918528,22.0126712833358,25.8328782086292,1.61322847348256,1.12485939257593,1.75335199646383,1.14691425450573,1.0082677959266,0.996304033424393,1.42920288787388,2.76351720371382,1.67372454123815,1.88012212759119,1.32606453514071,0.688148552703441,3.14579552329099,2.2657882050458,2.97627817887137,2.65428727471327,NA,0.0642776795757673,0.044202151171357,0.0109229929000546,0.241984271022384,0.0803470994697091,0.25047885663769,0.0218459858001092,NA,NA,0.0147340503904523,NA,1.53256704980843,2.24971878515186,4.09606600854575,0.928454396504642,0.342811050615043,0.192833038727302,0.235744806247237,0.0327689787001638,45.0292397660819,52.5470030531898,47.3110358037424,53.5554341889678,9.63904012905828,9.93090149445605,18.0639457786946,12.1463681048607,0.584795321637427,0.160694198939418,0.486223662884927,0.218459858001092
"144",111,70.5627705627706,58.1022385566321,48.5278467541681,49.8076250437216,1.03230103230103,1.70397594386903,3.2990422135509,1.2242042672263,0.999000999000999,2.83995990644838,6.31429584959205,9.51381601958727,1.76490176490176,2.70631473438022,1.20610145441646,0.874431619447359,0.799200799200799,4.47711326428333,8.4072366087265,8.98915704791885,NA,0.0668225860340795,NA,NA,NA,NA,NA,NA,NA,NA,NA,0.0349772647778944,NA,0.0334112930170398,NA,0.0349772647778944,NA,0.100233879051119,0.0354735721887194,0.0349772647778944,21.5118215118215,26.2946876044103,29.1947499113161,26.6176984959776,3.26340326340326,3.64183093885733,2.97978006385243,2.86813571178734,0.0666000666000666,0.0334112930170398,0.0354735721887194,NA
"152",112,52.6890101325019,49.4245524296675,45.1825557809331,32.3560767590618,3.66328916601715,8.18414322250639,9.22920892494929,8.63539445628998,2.65003897116134,0.831202046035806,3.9553752535497,2.23880597014925,3.97505845674201,4.85933503836317,4.5131845841785,3.5181236673774,8.57365549493375,10.4859335038363,9.83772819472617,11.8869936034115,NA,0.0639386189258312,NA,NA,NA,NA,NA,NA,NA,NA,NA,NA,0.155884645362432,NA,NA,NA,NA,NA,0.202839756592292,0.0533049040511727,19.8752922837101,21.6112531969309,22.7687626774848,36.6204690831556,8.26188620420888,4.47570332480818,4.25963488843813,4.31769722814499,0.155884645362432,0.0639386189258312,0.050709939148073,0.373134328358209
"161",113,36.8465077373484,42.6959045469203,21.9423453680381,22.3977695167286,5.22793810121288,4.77265398258626,8.64819479429051,5.79306071871128,3.72229192806357,3.83747178329571,11.6988525048978,18.2775712515489,3.34588038477624,4.77265398258626,8.9840470193115,3.40768277571252,1.67294019238812,1.32215414382457,1.70724881052337,1.54894671623296,0.125470514429109,0.128990648178007,0.195913797928911,NA,0.209117524048515,0.0322476620445018,0.139938427092079,0.185873605947955,NA,NA,NA,0.0309789343246592,1.79841070681723,3.51499516285069,7.13685978169605,2.85006195786865,0.836470096194061,5.4176072234763,0.419815281276238,0.247831474597274,41.9071518193225,30.7965172524992,34.1729638958858,40.4894671623296,4.30782099539941,2.70880361173815,4.95382031905961,4.77075588599752,NA,NA,NA,NA
"172",114,26.993006993007,43.0696576151122,39.4559460760713,45.2742772424018,9.09090909090909,6.3754427390791,4.64612421762157,2.8169014084507,15.3496503496503,9.04368358913814,12.5421280693308,9.84062268346924,2.44755244755245,2.99881936245573,1.44439094848339,1.18606375092661,3.42657342657343,3.51829988193625,4.28502648050072,4.74425500370645,0.174825174825175,0.141676505312869,NA,0.055596738324685,0.41958041958042,NA,NA,0.0741289844329133,NA,0.0236127508854782,NA,NA,0.909090909090909,0.188902007083825,0.264805007221955,0.11119347664937,NA,0.0944510035419126,0.0240731824747232,0.0370644922164566,24.4055944055944,22.2195985832349,27.4434280211844,28.7064492216457,16.1888111888112,12.0897284533648,9.82185844968705,7.02372127501853,0.594405594405594,0.236127508854782,0.0722195474241695,0.129725722757598
"183",115,30.0289855072464,34.4901960784314,25.7846586910626,24.8551564310545,3.39130434782609,4.07843137254902,3.54679802955665,1.95828505214368,3.68115942028985,3.31372549019608,3.2512315270936,2.42178447276941,3.76811594202899,4.58823529411765,2.7304714989444,1.12398609501738,5.21739130434783,3.66666666666667,2.91344123856439,3.60370799536501,0.0289855072463768,0.0196078431372549,NA,0.0115874855156431,0.347826086956522,0.0196078431372549,0.126671358198452,NA,NA,0.0196078431372549,0.394088669950739,0.0231749710312862,0.289855072463768,0.117647058823529,0.591133004926108,0.301274623406721,0.0869565217391304,0.117647058823529,0.0985221674876847,0.0463499420625724,43.1594202898551,36.9803921568627,41.9141449683322,49.026651216686,9.65217391304348,12.5686274509804,18.5221674876847,16.3847045191193,0.347826086956522,0.0196078431372549,0.126671358198452,0.243337195828505
"195",120,50.0097068530383,32.6627593853952,26.7688517859587,18.9185470555861,11.648223645894,14.5731031205449,15.6699055700014,15.5751238304898,4.83401281304601,9.15571043877713,12.864376625154,16.9922949917446,11.2599495243642,11.4842388721685,7.78705351033256,8.48926802421574,0.36886041545331,1.10882306351972,1.23169563432325,5.09080902586681,0.13589594253543,0.0792016473942658,0.136855070480361,0.165107319757843,0.01941370607649,0.142562965309678,0.109484056384289,0.0275178866263071,NA,NA,NA,0.0550357732526142,0.91244418559503,1.33058767622367,1.21801012727522,0.357732526141992,0.15530964861192,0.0475209884365595,0.0410565211441084,0.0550357732526142,15.0456222092798,20.608268651988,25.2223894895306,23.3489268024216,5.57173364395263,8.68050055441153,8.69029697550294,10.7044578976335,0.03882741215298,0.126722635830825,0.260024633912686,0.220143093010457
"207",122,59.6950444726811,56.8434032059186,51.5272623465601,27.7941570624497,10.1651842439644,7.24414303329223,7.45075649443334,6.11096220852318,3.86277001270648,3.48335388409371,6.30887810448187,14.8485660680783,6.12452350698856,2.08076448828607,2.96888381387382,3.51112302331815,4.21855146124524,19.0813810110974,16.8998001712818,33.1278477619941,0.0508259212198221,NA,0.0285469597487868,NA,NA,0.0154130702836005,NA,NA,NA,NA,NA,NA,0.0508259212198221,0.0154130702836005,0.0285469597487868,0.0268024658268561,NA,0.030826140567201,NA,0.0268024658268561,9.37738246505718,8.07644882860666,9.73451327433628,8.95202358616993,6.45489199491741,3.1134401972873,4.9671709962889,5.60171535781292,NA,0.0154130702836005,0.0856408792463603,NA
"216",123,46.9604863221885,66.0473588342441,50.5948215535339,42.6839126919968,11.6514690982776,7.68670309653916,5.73827851644507,7.76071139854487,1.87436676798379,2.18579234972678,4.47865640307908,8.81164106709782,10.1823708206687,10.3460837887067,15.0454863540938,12.6919967663703,21.1246200607903,9.54462659380692,16.5850244926522,15.8447857720291,0.151975683890578,NA,0.139958012596221,0.0808407437348424,NA,0.0728597449908925,NA,0.0808407437348424,NA,NA,NA,NA,NA,NA,NA,NA,NA,0.0364298724954463,NA,NA,3.09017223910841,2.58652094717668,3.91882435269419,7.11398544866613,4.86322188449848,1.4936247723133,3.49895031490553,4.93128536782538,0.101317122593718,NA,NA,NA
"225",13,8.44673862036603,16.3111256974073,12.9875351829513,17.6977687626775,7.46128578132332,2.59271414506072,4.14153598713309,2.78904665314402,2.62787423744721,1.67377748605185,1.72899075190993,2.6369168356998,7.03894885030502,6.99048244174598,6.87575392038601,5.02028397565923,32.8015016424214,41.77879881851,42.0587052673904,39.5030425963489,0.187705302674801,0.0656383327863472,0.120627261761158,0.152129817444219,0.0469263256687001,NA,0.120627261761158,0.050709939148073,NA,NA,NA,NA,0.891600187705303,1.90351165080407,2.09087253719341,0.811359026369168,NA,0.0656383327863472,0.120627261761158,0.050709939148073,26.3725950258095,19.1992123400066,19.9437072778448,18.8640973630832,14.0309713749413,9.18936659008861,9.73059911540008,11.5618661257606,0.0938526513374003,0.229734164752215,0.0804181745074387,0.862068965517241
"236",14,6.60686939400569,7.03595389643902,4.08304498269896,4.84472049689441,5.0973528768322,3.69860657147772,1.91464821222607,3.16770186335404,1.61890177204113,0.963357990710476,2.32987312572088,5.96273291925466,10.2165828046379,3.81902632031653,1.79930795847751,2.98136645962733,53.2268650185955,64.7686220540169,68.3044982698962,56.935817805383,0.196893458761759,0.0860141063134354,0.0230680507497117,0.062111801242236,NA,0.0688112850507483,NA,0.062111801242236,0.0218770509735288,NA,NA,0.020703933747412,3.0409100853205,2.04713573025976,1.47635524798155,1.34575569358178,0.0875082038941151,0.0516084637880612,0.0230680507497117,0.082815734989648,11.8792386786261,9.96043351109582,12.318339100346,11.6977225672878,7.39444322905272,7.3284018579047,7.26643598615917,9.19254658385093,0.612557427258806,0.172028212626871,0.461361014994233,3.64389233954451
"248",17,25.9183673469388,32.4143070044709,37.6973073351903,23.1433506044905,4.38775510204082,3.80029806259314,3.24976787372331,7.16753022452504,1.63265306122449,0.819672131147541,1.29990714948932,1.89982728842832,3.57142857142857,2.90611028315946,3.1569173630455,5.69948186528497,35.3061224489796,33.1594634873323,29.4336118848654,27.0293609671848,0.306122448979592,0.14903129657228,NA,0.0863557858376511,0.102040816326531,NA,NA,NA,NA,NA,NA,NA,1.83673469387755,1.34128166915052,3.1569173630455,0.949913644214162,NA,0.0745156482861401,NA,0.0863557858376511,16.734693877551,13.1147540983607,13.3704735376045,19.7754749568221,7.75510204081633,9.01639344262295,5.57103064066852,9.06735751295337,2.44897959183673,3.20417287630402,3.06406685236769,5.09499136442142
"259",18,17.5,16.6584280771132,8.21181887950883,8.47560975609756,5.27777777777778,7.66188828472566,5.14198004604758,2.6219512195122,4.58333333333333,1.82896688087,2.53261703760553,4.69512195121951,7.36111111111111,4.99258526940188,3.60706062931696,3.35365853658537,34.8611111111111,42.2145328719723,49.1941673062164,47.3170731707317,0.138888888888889,0.0988630746416213,0.0767459708365311,0.182926829268293,NA,0.0494315373208107,NA,0.0609756097560976,NA,NA,NA,NA,2.29166666666667,5.48690064260999,3.68380660015349,1.76829268292683,NA,0.0988630746416213,0.153491941673062,NA,14.0972222222222,10.97380128522,10.8979278587874,12.2560975609756,13.0555555555556,9.68858131487889,15.1189562547966,16.7073170731707,0.833333333333333,0.247157686604053,1.38142747505756,2.5609756097561
"269",19,30.4568527918782,43.476821192053,27.85,33.7016574585635,4.67005076142132,4.00662251655629,3.7,1.86995325116872,2.63959390862944,1.95364238410596,3.45,1.95495112622184,3.04568527918782,3.70860927152318,5.05,1.27496812579686,19.8307952622673,21.6556291390729,25.1,26.1793455163621,0.27072758037225,0.033112582781457,NA,NA,NA,0.0662251655629139,NA,0.127496812579686,NA,NA,NA,NA,0.0338409475465313,0.0993377483443709,0.1,NA,0.135363790186125,0.0662251655629139,0.05,0.0424989375265618,23.2148900169205,11.2913907284768,23.3,20.6969825754356,15.2961082910321,13.4105960264901,11.1,13.5996600084998,0.406091370558376,0.231788079470199,0.3,0.552486187845304
"280",20,25.882946518668,26.2229806598407,24.2424242424242,21.834385443743,5.04540867810293,6.02957906712173,8.27505827505827,4.90159673226885,5.39858728557013,2.84414106939704,5.41958041958042,3.30486446342369,2.82542885973764,2.04778156996587,6.29370629370629,1.78239881173413,27.3965691220989,25.995449374289,28.030303030303,33.3085777942815,0.201816347124117,NA,NA,NA,NA,0.0568828213879408,NA,NA,NA,NA,NA,NA,0.302724520686176,0.0568828213879408,0.0582750582750583,0.0742666171555886,NA,NA,0.116550116550117,0.185666542888971,11.4026236125126,16.382252559727,10.5477855477855,19.8291867805421,21.1402623612513,20.2502844141069,16.6666666666667,14.0363906424062,0.403632694248234,0.113765642775882,0.34965034965035,0.742666171555886
"290",22,NA,1.1605415860735,0.886917960088692,1.22448979591837,9.98650472334683,9.47775628626692,12.4168514412417,13.5714285714286,16.4642375168691,27.2727272727273,23.7250554323725,16.3265306122449,1.61943319838057,1.54738878143133,1.77383592017738,1.42857142857143,6.61268556005398,11.9922630560928,4.8780487804878,18.265306122449,NA,0.773694390715667,0.221729490022173,NA,NA,0.386847195357834,NA,NA,0.404858299595142,NA,NA,NA,0.134952766531714,0.386847195357834,NA,0.918367346938776,0.134952766531714,0.193423597678917,0.221729490022173,1.22448979591837,57.4898785425101,39.6518375241779,50.5543237250554,39.7959183673469,7.15249662618084,7.15667311411992,5.32150776053215,7.24489795918367,NA,NA,NA,NA
"299",23,2.56231073841137,4.18924551896624,2.14578731461029,3.51315031675946,19.2406242720708,12.2551062942893,19.0911959608709,16.6826646189288,10.062893081761,11.8382659441434,21.9627642789524,29.8329813783836,24.132308409038,29.8040850354314,17.2609656042916,15.0124784027644,2.8185418122525,3.62651104626928,4.85957715367624,2.82203877903628,0.0931749359422315,0.312630262609421,0.25244556642474,0.191975427145325,0.535755881667831,0.0625260525218841,0.0946670874092774,0.115185256287195,NA,0.0208420175072947,0.0946670874092774,NA,0.0931749359422315,0.104210087536474,0.0946670874092774,0.134382799001728,0.139762403913347,0.0833680700291788,0.0946670874092774,0.134382799001728,34.1486140228279,30.9295539808253,24.1716629851688,22.1155692071415,6.17283950617284,6.75281367236348,9.84537709056485,9.33000575926281,NA,0.0208420175072947,0.0315556958030925,0.115185256287195
"310",24,4.67861827721906,5.19607843137255,7.0254110612855,8.21375556655121,23.1307389593354,13.3823529411765,10.6128550074738,8.56011875309253,6.82116309575864,6.86274509803922,5.4559043348281,9.05492330529441,20.6383909051159,17.5490196078431,9.86547085201794,6.92726373082632,20.3760384783559,25.0490196078431,27.0553064275037,23.156853043048,0.131176213379974,0.0980392156862745,0.448430493273543,0.049480455220188,NA,0.196078431372549,NA,0.049480455220188,NA,NA,NA,NA,0.0874508089199825,0.147058823529412,0.224215246636771,NA,NA,0.0490196078431373,0.149476831091181,0.544285007422068,17.6650634018365,22.9411764705882,29.2974588938714,31.3706086095992,6.47135986007871,8.43137254901961,9.86547085201794,11.8753092528451,NA,0.0980392156862745,NA,0.197921820880752
"319",25,15.1060358890701,3.11856428361283,1.42372881355932,3.87553041018388,10.0163132137031,15.9164460135334,20.8135593220339,18.8684582743989,5.77487765089723,7.76699029126214,13.7966101694915,19.8868458274399,12.8221859706362,26.8314210061783,17.864406779661,13.6633663366337,21.2071778140294,25.0073551044425,21.5254237288136,13.5502121640735,0.358890701468189,0.50014710208885,0.169491525423729,0.141442715700141,0.358890701468189,NA,0.0677966101694915,0.0565770862800566,NA,NA,0.0338983050847458,0.0282885431400283,0.522022838499184,0.264783759929391,0.23728813559322,0.622347949080622,0.163132137030995,0.0588408355398647,0.135593220338983,0.0565770862800566,27.1125611745514,14.7396293027361,18.8813559322034,19.038189533239,6.5252854812398,5.76640188290674,5.05084745762712,9.84441301272984,0.032626427406199,0.0294204177699323,NA,0.367751060820368
"331",26,3.55097365406644,5.47872340425532,3.39174674957603,8.9354424967935,13.0011454753723,5.47872340425532,6.89655172413793,5.85720393330483,5.84192439862543,5.42553191489362,8.53589598643301,7.01154339461308,9.22107674684994,4.9468085106383,4.97456189937818,3.84779820436084,23.7113402061856,20.531914893617,24.7032221594121,23.9418554938008,0.916380297823597,0.319148936170213,0.113058224985868,NA,NA,0.159574468085106,0.0565291124929339,0.0855066267635742,NA,NA,NA,NA,0.687285223367698,0.106382978723404,0.0565291124929339,NA,0.171821305841924,0.212765957446809,1.18711136235161,0.0427533133817871,35.1660939289805,49.4148936170213,39.9095534200113,38.8200085506627,7.44558991981672,7.81914893617021,10.0621820237422,11.0731081658829,0.286368843069874,0.106382978723404,0.113058224985868,0.384779820436084
"342",28,5.27131782945736,3.82387022016222,3.08324768756423,2.52100840336134,23.2558139534884,24.6523754345307,23.3984241178486,21.4963404716725,2.01550387596899,6.17033603707995,13.4977732100034,9.89428029276227,20.4341085271318,31.981460023175,22.0623501199041,10.3551097858498,18.5736434108527,9.58864426419467,8.80438506337787,15.668202764977,1.45736434108527,0.492468134414832,0.205549845837616,0.0542152344808891,0.0930232558139535,0.202780996523754,0.0342583076396026,0.0542152344808891,NA,NA,NA,NA,0.0930232558139535,0.173812282734647,0.102774922918808,0.108430468961778,0.0310077519379845,0.0289687137891078,0.0685166152792052,0.0271076172404446,23.0697674418605,18.8586326767092,24.3919150393971,34.941718622933,5.64341085271318,3.96871378910776,4.31654676258993,4.87937110328002,0.062015503875969,0.0579374275782155,0.0342583076396026,NA
"354",30,4.46131941148552,5.19074421513446,2.12904627416902,5.74443141852286,36.0702420503085,16.8855534709193,18.6182924179883,10.7463853067605,5.62411010915994,6.25390869293308,22.2029111449055,15.7092614302462,31.1580446131941,25.6410256410256,27.6124266782533,13.2864400156311,4.62743236829616,11.1944965603502,4.38844232022594,6.48690894880813,0.0237304224015187,0.0625390869293308,0.0217249619813165,NA,NA,NA,NA,NA,NA,NA,NA,NA,0.0711912672045562,NA,0.0217249619813165,0.117233294255569,1.94589463692454,0.250156347717323,7.66891157940474,0.508010941774131,12.5533934504034,28.5178236397749,13.8388007820986,38.8432981633451,3.46464167062174,5.62851782363977,3.47599391701065,8.36264165689722,NA,0.375234521575985,0.0217249619813165,0.195388823759281
"364",32,17.1829622458858,5.17737296260786,5.04615384615385,6.29280821917808,22.7492739593417,19.4630872483221,14.9538461538462,12.1575342465753,14.1335914811229,18.9837008628955,24,22.1318493150685,13.891577928364,20.1342281879195,15.6307692307692,8.56164383561644,4.50145208131655,5.1294343240652,3.69230769230769,3.68150684931507,0.193610842207164,0.0479386385426654,0.184615384615385,0.0856164383561644,0.145208131655373,0.287631831255992,0.307692307692308,0.128424657534247,NA,NA,NA,0.0428082191780822,NA,NA,NA,0.128424657534247,0.193610842207164,0.287631831255992,2.76923076923077,0.299657534246575,19.9903194578896,20.5177372962608,20.6153846153846,31.7208904109589,7.01839303000968,9.9712368168744,12.8,14.7260273972603,NA,NA,NA,0.0428082191780822
"374",33,5.94154288452324,3.67243562684677,2.60814249363868,2.44150559511699,20.7954000958313,15.4495567750106,18.2569974554707,17.5483214649034,5.94154288452324,7.34487125369354,15.3944020356234,11.4445574771109,38.3325347388596,31.1101730688054,27.5445292620865,21.4649033570702,7.37901293723047,11.397214014352,9.16030534351145,12.410986775178,NA,0.168847615027438,NA,NA,0.766650694777192,0.295483326298016,NA,0.0508646998982706,NA,0.126635711270578,NA,NA,0.0479156684235745,NA,0.0636132315521628,NA,0.239578342117873,0.253271422541157,3.30788804071247,0.356052899287894,13.9434595112602,23.3853946813001,17.5254452926209,25.1780264496439,6.46861523718256,6.71169269734065,5.97964376590331,8.95218718209562,0.143747005270724,0.0844238075137189,0.159033078880407,0.152594099694812
"385",34,17.3189823874755,12.7309036445332,10.195734735612,11.2299465240642,12.2635355512068,13.8292561158263,13.3508618171195,9.24819125511167,4.66405740378343,5.89116325511732,13.9059304703476,13.0229631959736,30.2674494455316,34.9226160758862,18.6678352322524,10.7266435986159,7.95825179386823,7.73839241138293,8.6473853345019,10.7895564642969,0.260926288323549,0.17473789316026,0.0292141396435875,0.0314564328405159,0.0326157860404436,0.0998502246630055,NA,0.0314564328405159,NA,NA,NA,NA,0.489236790606654,0.124812780828757,0.0292141396435875,0.0943692985215477,0.163078930202218,0.0499251123315027,0.11685655857435,0.157282164202579,21.8199608610567,19.1462805791313,29.7107800175285,37.8735451399811,4.69667318982387,5.21717423864204,5.31697341513292,6.63730732934885,0.0652315720808871,0.0748876684972541,0.0292141396435875,0.157282164202579
"397",40,8.86169818316648,3.71779859484778,3.41450502911593,4.50430058850158,11.3088616981832,14.6077283372365,9.63472736897829,8.01267541874151,14.238042269188,15.3395784543326,9.23769190047644,11.0457220461747,12.0875046347794,13.3489461358314,12.5463208046586,11.3626075147125,10.0482017055988,9.74824355971897,11.2493382742192,13.8976912630149,0.0370782350760104,0.0585480093676815,NA,0.1584427342689,0.778642936596218,1.14168618266979,1.32345156167284,0.271616115889543,NA,NA,NA,NA,0.185391175380052,0.0292740046838408,0.0264690312334569,0.4753282028067,NA,0.0585480093676815,0.0794070937003706,0.0452693526482571,30.2558398220245,33.635831381733,43.4621492853362,36.6002716161159,12.1245828698554,8.28454332552693,8.97300158814187,13.5129017655048,0.0741564701520208,0.0292740046838408,0.0529380624669137,0.113173381620643
"408",41,7.9746835443038,7.3738680465718,8.417225950783,8.4008400840084,6.9620253164557,6.18369987063389,10.2069351230425,5.4005400540054,2.84810126582278,4.34670116429495,3.63534675615213,3.39033903390339,18.9873417721519,11.228978007762,8.50111856823266,6.72067206720672,11.1392405063291,6.0025873221216,7.04697986577181,8.16081608160816,0.316455696202532,0.0517464424320828,0.139821029082774,0.36003600360036,NA,0.0258732212160414,0.475391498881432,0.06000600060006,NA,NA,NA,NA,4.68354430379747,1.55239327296248,4.89373601789709,3.45034503450345,0.0632911392405063,NA,0.0279642058165548,0.12001200120012,39.9367088607595,56.895213454075,44.658836689038,50.1050105010501,7.08860759493671,6.33893919793014,11.996644295302,13.7713771377138,NA,NA,NA,0.06000600060006
"418",42,8.04321728691477,6.10859728506787,5.15806988352745,5.23131672597865,30.7322929171669,25.2828054298643,22.5180255130338,12.135231316726,12.484993997599,13.9140271493213,18.6910704381586,14.6975088967972,13.5654261704682,13.7443438914027,14.6422628951747,8.39857651245552,3.9015606242497,3.9027149321267,5.21353300055463,5.72953736654804,0.360144057623049,1.35746606334842,0.0554631170271769,0.0355871886120996,0.180072028811525,0.0565610859728507,0.7210205213533,0.177935943060498,NA,NA,NA,NA,0.720288115246098,0.622171945701357,0.277315585135885,0.533807829181495,0.0600240096038415,NA,0.166389351081531,0.213523131672598,19.3877551020408,26.4140271493213,20.7432057681642,40.711743772242,10.5042016806723,8.5972850678733,11.8136439267887,12.0996441281139,0.0600240096038415,NA,NA,0.0355871886120996
"430",43,5.24722502522704,4.68876313662086,5.78668683812406,11.6951788491446,17.5075681130172,8.9733225545675,9.07715582450832,7.52721617418351,28.9606458123108,18.4721099434115,17.7760968229955,19.3779160186625,6.81130171543895,6.6693613581245,6.95915279878971,5.19440124416796,3.83451059535822,3.92077607113985,7.52647503782148,4.69673405909798,0.70635721493441,0.282942603071948,0.226928895612708,0.0622083981337481,NA,0.282942603071948,0.075642965204236,0.0933125972006221,NA,NA,NA,NA,0.151362260343088,1.21261115602264,0.75642965204236,0.373250388802488,0.100908173562059,0.363783346806791,0.18910741301059,0.0622083981337481,25.933400605449,45.5941794664511,38.1996974281392,39.7822706065319,10.5449041372351,9.5392077607114,13.4266263237519,10.9486780715397,0.201816347124117,NA,NA,0.186625194401244
"441",44,5.08905852417303,4.739336492891,7.84632034632035,5.82643360932229,10.7888040712468,9.95260663507109,7.95454545454545,6.19441888991107,6.51399491094148,5.54502369668246,10.0108225108225,10.886231217418,24.0203562340967,20.9952606635071,15.9632034632035,5.12112848819381,14.3002544529262,10.1895734597156,13.7445887445887,6.71573137074517,NA,0.23696682464455,0.162337662337662,0.0613308800981294,0.101781170483461,0.0947867298578199,0.378787878787879,0.0919963201471941,NA,NA,0.0541125541125541,NA,0.101781170483461,0.0947867298578199,0.108225108225108,NA,NA,0.28436018957346,0.0541125541125541,0.0306654400490647,30.941475826972,39.0521327014218,33.5497835497836,54.032505366452,7.93893129770992,8.81516587677725,10.0649350649351,10.3649187365839,0.203562340966921,NA,0.108225108225108,0.674639681079424
"451",45,30.7080350039777,34.5114345114345,23.8951695786228,23.1684641130532,3.26173428798727,2.7027027027027,3.9054470709147,4.12792859799182,5.01193317422434,7.06860706860707,11.5621788283659,9.52026775753068,22.4343675417661,4.52182952182952,3.9568345323741,2.97508367422834,3.10262529832936,3.95010395010395,5.13874614594039,5.42952770546672,0.397772474144789,0.103950103950104,NA,NA,NA,0.051975051975052,0.154162384378212,0.0371885459278542,NA,0.051975051975052,NA,NA,0.159108989657916,0.103950103950104,0.154162384378212,0.223131275567125,NA,NA,0.102774922918808,1.63629602082559,23.7072394590294,39.033264033264,40.9044193216855,42.7296392711045,11.2171837708831,7.9002079002079,10.1233299075026,10.1152844923763,NA,NA,0.102774922918808,0.0371885459278542
"460",46,4.61229946524064,4.27299703264095,3.41040462427746,8.24697754749568,8.75668449197861,8.486646884273,4.33526011560694,3.75647668393782,9.95989304812834,8.4272997032641,8.72832369942197,9.2832469775475,8.82352941176471,7.95252225519288,7.34104046242775,6.60621761658031,14.8395721925134,9.85163204747774,14.5664739884393,7.64248704663212,0.53475935828877,0.237388724035608,0.46242774566474,NA,0.601604278074866,0.178041543026706,NA,0.474956822107081,NA,0.0593471810089021,NA,NA,0.53475935828877,0.29673590504451,0.0578034682080925,0.0431778929188256,0.0668449197860962,0.0593471810089021,0.751445086705202,NA,37.8342245989305,48.6646884272997,49.2485549132948,47.6252158894646,13.4358288770053,11.513353115727,11.0404624277457,16.1917098445596,NA,NA,0.0578034682080925,0.129533678756477
"471",47,11.9884448724121,9.20084121976866,8.41020075963104,10.1837902982826,10.3996148290804,9.20084121976866,7.10797612588171,8.22536908707442,14.1068849301878,14.5110410094637,12.9679869777537,25.1581801747514,11.4588348579682,12.9337539432177,7.37927292457949,4.85085869237722,6.35532017332691,9.2534174553102,8.95279435702659,9.12925579993974,0.192585459797785,0.315457413249211,0.596852957135106,0.120518228382043,0.674049109292248,NA,0.162778079218665,0.692979813196746,0.0481463649494463,NA,0.32555615843733,NA,2.21473278767453,1.62986330178759,1.35648399348888,1.1147936125339,0.433317284545017,0.210304942166141,NA,NA,29.8988926336062,32.1766561514196,40.0976668475312,30.3404639951793,12.2291766971594,10.5678233438486,12.6424308193163,10.1536607411871,NA,NA,NA,0.0301295570955107
"483",48,11.2756264236902,10.1744186046512,4.43548387096774,6.30841121495327,11.8451025056948,17.7325581395349,10.9879032258065,8.72274143302181,4.21412300683371,7.55813953488372,6.1491935483871,7.78816199376947,9.56719817767654,11.531007751938,12.3991935483871,9.65732087227414,12.7562642369021,8.23643410852713,8.97177419354839,10.2803738317757,0.227790432801822,0.290697674418605,0.100806451612903,0.389408099688474,0.227790432801822,0.193798449612403,NA,0.778816199376947,NA,NA,NA,NA,1.36674259681093,1.06589147286822,1.31048387096774,4.98442367601246,NA,NA,0.100806451612903,0.155763239875389,38.2687927107062,32.5581395348837,43.5483870967742,42.1339563862928,10.250569476082,10.562015503876,11.9959677419355,8.72274143302181,NA,0.0968992248062016,NA,0.0778816199376947
"493",49,16.4107485604607,8.03683549602344,22.8550829127614,22.3529411764706,8.6852207293666,2.09292591042277,3.71304974765681,4.28035043804756,13.9635316698656,15.7388028463792,8.86806056236482,15.4693366708385,5.75815738963532,3.30682293846798,2.81182408074982,6.68335419274093,4.55854126679463,4.26956885726245,4.65032444124009,4.6558197747184,0.431861804222649,0.125575554625366,0.180245133381399,NA,0.239923224568138,0.586019254918376,0.108147080028839,0.200250312891114,NA,NA,NA,NA,0.191938579654511,0.46044370029301,NA,0.150187734668335,NA,0.167434072833822,0.108147080028839,0.125156445556946,43.5220729366603,59.3553788195898,48.5940879596251,36.4705882352941,6.23800383877159,5.86019254918376,8.11103100216294,9.61201501877347,NA,NA,NA,NA
"503",5,14.0377358490566,17.5243393602225,14.0714285714286,18.3688464364438,7.16981132075472,6.18915159944367,8.07142857142857,2.13078618662748,3.47169811320755,3.82475660639777,8.21428571428571,5.29022777369581,3.0188679245283,3.40751043115438,2.64285714285714,1.39603232916973,20.6037735849057,33.7969401947149,35.4285714285714,43.9382806759736,0.0754716981132075,NA,NA,0.14695077149155,NA,0.208623087621697,0.357142857142857,0.0734753857457752,NA,NA,NA,NA,1.35849056603774,0.764951321279555,0.285714285714286,0.220426157237326,0.452830188679245,0.0695410292072323,NA,0.14695077149155,32.6037735849057,15.2294853963839,16.8571428571429,14.1807494489346,15.5471698113208,18.4979137691238,13.9285714285714,13.2990448199853,1.66037735849057,0.486787204450626,0.142857142857143,0.808229243203527
"514",50,21.6836734693878,39.4658753709199,13.1495227995758,15.1461470327724,15.6887755102041,10.0890207715134,6.3626723223754,10.8060230292294,2.93367346938776,4.15430267062314,2.22693531283139,6.46589902568645,13.7755102040816,5.44015825914936,0.742311770943796,1.6829052258636,13.7755102040816,7.22057368941642,19.1940615058325,17.2719220549159,NA,0.39564787339268,0.106044538706257,NA,NA,NA,NA,0.0885739592559787,NA,NA,0.212089077412513,NA,NA,0.0989119683481701,NA,NA,0.127551020408163,NA,0.106044538706257,0.0885739592559787,22.3214285714286,19.8813056379822,46.4475079533404,30.1151461470328,9.69387755102041,13.0563798219585,11.4528101802757,18.3348095659876,NA,0.19782393669634,NA,NA
"522",52,10.2055800293686,14.1696292534281,8.1089445991953,10.7774578362814,7.34214390602056,6.80548501777552,6.31383472609099,6.37597696421226,14.6842878120411,6.9070594210259,8.13989476942123,6.86960098724805,6.5345080763583,7.56729304215338,4.42587434230888,5.71781160016454,13.7298091042584,12.6968004062976,13.6490250696379,11.559029206088,0.367107195301028,NA,NA,0.123406005758947,0.146842878120411,0.304723209751143,0.0928505106778087,0.452488687782805,0.0734214390602056,NA,NA,NA,0.66079295154185,0.964956830878619,0.773754255648406,1.43973673385438,0.367107195301028,0.253936008125952,0.278551532033426,0.0411353352529823,33.7004405286344,36.4652107668867,46.3943051686784,34.841628959276,12.1145374449339,13.7633316404266,11.7920148560817,21.7194570135747,0.0734214390602056,0.101574403250381,0.0309501702259362,0.0822706705059646
"535",6,7.59734093067426,22.2375057313159,16.8904593639576,20.0827205882353,9.25925925925926,5.13525905547914,5.4416961130742,4.87132352941176,2.23171889838556,1.19211370930766,4.09893992932862,2.20588235294118,7.45489078822412,7.29023383768913,6.28975265017668,5.19301470588235,20.7502374169041,24.3466299862448,26.5017667844523,36.4430147058824,7.73979107312441,3.71389270976616,2.19081272084806,0.827205882352941,0.332383665716999,NA,NA,0.0919117647058823,NA,NA,0.141342756183746,NA,16.1443494776828,7.01513067400275,7.98586572438163,3.81433823529412,0.189933523266857,0.596056854653829,0.141342756183746,0.367647058823529,19.7530864197531,18.2026593305823,20.6360424028269,16.4522058823529,8.35707502374169,10.2246675836772,9.46996466431095,9.32904411764706,0.189933523266857,0.0458505272810637,0.212014134275618,0.321691176470588
"547",60,10.5263157894737,11.5134950461223,10.7483831228827,12.1126094156612,16.7328699106256,12.230953194397,12.1958731136434,7.85427016796783,10.6752730883813,12.3334472155791,12.4114567292886,9.60492074757511,12.5124131082423,7.96036897847626,8.99291653834309,6.19824934942039,6.55412115193644,8.98530919029723,6.68309208500154,16.2290040217648,NA,0.136658694909464,0.0923929781336618,0.0473148805299267,0.099304865938431,0.341646737273659,0.153988296889436,0.0473148805299267,NA,NA,NA,NA,3.02879841112214,2.39152716091561,1.26270403449338,0.449491365034303,0.0496524329692155,0.136658694909464,0.0307976593778873,0.0473148805299267,25.8689175769613,33.2763922104544,35.6020942408377,39.2003785190442,13.9523336643496,10.6935428766655,11.8263012011087,8.04352969008753,NA,NA,NA,0.165602081854743
"557",61,28.3154121863799,35.6898517673888,28.3075889858966,29.0716881400727,15.8900836320191,6.01482326111745,5.03693754197448,5.68219359101421,7.48705694942254,7.55416191562144,5.23841504365346,6.8384539147671,7.64635603345281,4.0193842645382,4.63398253861652,8.09382226627023,3.26563122262047,2.96465222348917,8.29415715245131,6.17773372976544,NA,0.0285062713797035,NA,0.0330360092500826,0.0796495420151334,0.0285062713797035,0.0335795836131632,NA,0.0398247710075667,NA,NA,NA,NA,0.0570125427594071,0.0335795836131632,0.0991080277502478,NA,0.0285062713797035,NA,NA,25.0099561927519,36.345496009122,40.2619207521827,36.1744301288404,12.2660294703305,7.18358038768529,8.15983881799866,7.73042616451933,NA,0.0855188141391106,NA,0.0991080277502478
"566",62,41.0888785481619,29.574555968608,19.9281370923162,39.8410896708286,4.93252675663099,3.80008261049153,4.03537866224433,5.1835035944003,0.884132154490461,0.826104915324246,1.02266445550028,1.32425274309497,2.18706375058167,1.40437835605122,1.38197899391929,2.4214907302308,3.81572824569567,4.62618752581578,4.25649530127142,5.10783200908059,NA,0.0413052457662123,NA,NA,0.0465332712889716,0.0413052457662123,NA,NA,0.0930665425779432,NA,0.0829187396351575,NA,NA,NA,NA,NA,0.186133085155886,0.123915737298637,0.0552791597567717,0.0378357926598562,34.0158213122382,53.696819496076,63.4328358208955,41.1275066212637,12.5174499767334,5.86534489880215,5.80431177446103,4.95648883844117,0.232666356444858,NA,NA,NA
"577",63,29.8876404494382,23.6413043478261,21.2410501193317,33.3988212180747,1.94756554307116,1.90217391304348,3.97772474144789,0.851342501637197,8.91385767790262,5.88768115942029,9.6260938743039,7.26915520628684,2.02247191011236,1.72101449275362,3.89817024661893,2.2920759659463,1.64794007490637,6.15942028985507,4.93237867939539,5.4354944335298,0.0749063670411985,NA,NA,NA,NA,NA,0.397772474144789,NA,0.299625468164794,NA,NA,NA,NA,NA,NA,0.196463654223969,NA,0.181159420289855,NA,0.196463654223969,48.4644194756554,53.0797101449275,46.1416070007955,45.645055664702,6.74157303370786,7.42753623188406,9.78520286396181,4.71512770137525,NA,NA,NA,NA
"586",66,34.5981028457314,31.5398075240595,39.6859083191851,55.2860696517413,7.43884173739391,3.84951881014873,1.69779286926995,1.92786069651741,1.49775336994508,2.49343832020997,1.91001697792869,1.05721393034826,7.48876684972541,4.33070866141732,0.933786078098472,1.99004975124378,2.44633050424363,1.79352580927384,3.14091680814941,4.85074626865672,NA,NA,0.127334465195246,NA,0.0499251123315027,NA,0.0424448217317487,NA,NA,NA,NA,0.0621890547263682,NA,NA,NA,NA,NA,NA,0.127334465195246,0.124378109452736,31.2031952071892,34.7331583552056,33.9134125636672,19.9004975124378,15.2770843734398,21.259842519685,18.4210526315789,14.8009950248756,NA,NA,NA,NA
"594",67,27.0147559591373,23.7862097103223,27.7829529576153,24.7207382224381,5.56186152099886,4.12076703386373,2.65486725663717,2.16124332200097,25.255391600454,15.1774785801714,19.88821611551,21.2967459932006,3.34846765039728,3.10077519379845,4.96040987424313,2.67119961146187,2.49716231555051,6.32394940840473,3.35351653469958,2.59834871296746,0.0567536889897843,0.0407996736026112,NA,0.0971345313258863,0.567536889897843,0.244798041615667,0.0931532370749884,0.364254492472074,NA,0.0407996736026112,NA,NA,0.113507377979569,NA,0.0698649278062413,0.0485672656629432,0.170261066969353,0.122399020807834,0.0698649278062413,0.0485672656629432,23.3825198637911,37.2909016727866,30.4611085235212,33.9970859640602,12.0317820658343,9.66952264381885,10.6660456450862,11.996114618747,NA,0.0815993472052224,NA,NA
"605",68,38.1377551020408,57.837582625118,38.1679389312977,43.227899432279,5.80357142857143,1.55807365439093,4.15606446140797,5.75831305758313,1.33928571428571,2.54957507082153,4.58015267175572,4.0551500405515,6.50510204081633,5.52407932011331,8.5665818490246,5.6772100567721,5.80357142857143,2.31350330500472,5.00424088210348,4.13625304136253,NA,NA,0.169635284139101,NA,0.892857142857143,0.0472143531633617,NA,NA,NA,NA,NA,NA,0.0637755102040816,0.141643059490085,1.01781170483461,0.08110300081103,2.4234693877551,0.991501416430595,NA,NA,23.0229591836735,18.3663833805477,21.3740458015267,27.4128142741281,15.3061224489796,10.576015108593,16.9635284139101,9.57015409570154,0.701530612244898,0.0944287063267233,NA,0.08110300081103
"616",69,29.0352080475537,17.8354500276091,22.1604447974583,31.3392616545406,2.83493369913123,1.76697956929873,2.62112787926926,2.02101859337106,11.4769090077732,5.19050248481502,7.10881652104845,8.19186203179736,2.46913580246914,1.73937051352844,4.36854646544877,1.15871732686607,2.5148605395519,1.43567090005522,2.74027005559968,4.47318781999461,NA,NA,NA,NA,0.0914494741655235,NA,NA,0.377256804095931,NA,NA,NA,NA,0.0457247370827618,NA,NA,NA,0.0914494741655235,NA,0.436854646544877,0.0538938291565616,44.5816186556927,68.0287134180011,56.6322478157268,48.4774993263271,6.85871056241427,4.00331308669243,3.89197776012708,3.90730261385071,NA,NA,0.039714058776807,NA
"626",7,9.375,7.46561886051081,7.23646723646724,11.3833992094862,17.6609848484848,9.23379174852652,12.4786324786325,7.66798418972332,12.6893939393939,11.8369351669941,13.1623931623932,18.9723320158103,12.0738636363636,13.7524557956778,12.3646723646724,7.19367588932806,6.06060606060606,20.6286836935167,16.011396011396,12.2529644268775,0.0473484848484848,0.0491159135559921,0.056980056980057,NA,0.0946969696969697,0.245579567779961,0.170940170940171,0.158102766798419,0.0946969696969697,NA,NA,NA,0.378787878787879,0.0982318271119843,0.056980056980057,0.158102766798419,0.0946969696969697,0.0982318271119843,0.113960113960114,0.0790513833992095,31.4393939393939,22.9862475442043,26.4957264957265,22.2134387351779,9.89583333333333,13.6051080550098,11.8518518518519,19.5256916996047,0.0946969696969697,NA,NA,0.395256916996047
"639",70,19.902354968409,19.4194885970974,32.2506977924385,19.4476082004556,5.54279149913843,2.37272517853029,2.15681299162649,1.22437357630979,6.97874784606548,7.64800737157337,7.30778990104035,14.3223234624146,3.10166570936244,1.03662750518314,1.47170768840396,1.50911161731207,2.67087880528432,6.8878138677724,7.05404719614311,5.8371298405467,0.201033888569787,NA,NA,NA,0.143595634692705,NA,0.0761228114691703,0.0854214123006834,NA,0.0230361667818475,NA,NA,0.0287191269385411,NA,NA,0.113895216400911,0.0574382538770821,0.046072333563695,0.0253742704897234,0.0569476082004556,50.6318207926479,51.3476157567381,35.6254757675717,44.4760820045558,10.7409534750144,11.2186132227597,14.0319715808171,12.9271070615034,NA,NA,NA,NA
"650",71,31.9444444444444,21.152030217186,20.1078582434515,18.8285903375248,7.8042328042328,2.92728989612842,6.89522342064715,6.32031767041694,13.4920634920635,16.9971671388102,17.7580893682589,27.6307081403044,3.10846560846561,2.69121813031161,7.31895223420647,8.43812045003309,1.91798941798942,5.33522190745987,3.77503852080123,4.99669093315685,NA,0.0472143531633617,0.231124807395994,NA,0.0661375661375661,0.28328611898017,0.115562403697997,0.0330906684315023,NA,NA,NA,NA,NA,0.0472143531633617,0.0770416024653313,0.0992720052945069,NA,0.0944287063267233,NA,0.0992720052945069,33.5978835978836,35.9773371104816,35.1309707241911,25.5129053606883,8.06878306878307,14.3531633616619,8.59013867488444,7.90866975512905,NA,0.0944287063267233,NA,0.132362673726009
"658",72,42.141715503463,27.3536299765808,21.1682037768994,42.7720413026211,5.43420351624933,4.40281030444965,5.05050505050505,1.35027799841144,2.13106020245072,0.983606557377049,3.33772507685551,2.50198570293884,1.1720831113479,1.03044496487119,1.53711023276241,1.62827640984909,4.95471497069792,2.06088992974239,4.08432147562582,4.48768864177919,0.106553010122536,0.0936768149882904,NA,NA,0.106553010122536,0.0468384074941452,0.131752305665349,0.158856235107228,NA,NA,NA,NA,1.22535961640916,0.468384074941452,0.746596398770312,0.714853057982526,NA,NA,0.043917435221783,NA,27.9701651571657,53.3957845433255,53.5792709705753,38.7609213661636,14.7575919019712,10.1639344262295,10.320597277119,7.62509928514694,NA,NA,NA,NA
"668",73,12.7203343630747,11.9855182926829,7.28051391862955,8.7353742586953,6.17844811920771,5.90701219512195,4.54717218793299,4.68023721750281,21.8971470107214,18.0259146341463,9.67376243859428,12.7263984612919,6.05124477557696,5.94512195121951,3.47650837636982,3.75060105786184,2.34417590405234,4.85899390243902,2.68295755132888,3.91088315435166,0.181719062329638,0.209603658536585,0.0881723138934375,0.112197467542875,0.272578593494458,0.228658536585366,0.100768358735357,0.0480846289469466,NA,0.323932926829268,NA,NA,0.454297655824096,0.228658536585366,0.617206197254062,0.753325853502164,0.109031437397783,1.04801829268293,0.138556493261116,0.0961692578938932,41.7590405233509,44.6074695121951,66.8346139312256,58.6792755249239,7.97746683627112,6.63109756097561,4.54717218793299,6.36319923064594,0.0545157186988915,NA,0.0125960448419196,0.14425388684084
"680",75,16.4202162877952,19.6777576508723,18.9576322374666,11.20485354062,7.2390200838667,3.57517399180093,3.45154888256105,2.69219831263627,13.2090046347385,5.92048813042235,8.69790318405384,10.27585553133,6.02516000882807,3.87072170845648,3.15816722754336,2.36989288084179,1.26903553299492,2.80293640957193,1.76028993010614,2.11394444971087,0.110350915912602,0.0286013919344075,0.0345154888256105,0.0189591430467343,0.132421099095122,0.0476689865573458,0.138061955302442,0.0853161437103043,0.0220701831825204,0.0381351892458766,NA,0.00947957152336714,0.915912602074597,1.01058251501573,0.793856242989041,0.966916295383449,0.0662105495475612,0.467156068261989,0.155319699715247,0.0758365721869372,48.2012800706246,56.3066069215368,54.9745448269911,62.536733339653,6.35621275656588,6.25417103632377,7.8781603244456,7.62157550478718,0.0331052747737806,NA,NA,0.0284387145701014
"693",76,30.3169734151329,38.7465510445408,34.0352385045123,25.7142857142857,17.7402862985685,15.5301537248719,14.3102707348517,11.4739229024943,7.77096114519427,10.524241229799,12.1186076493339,13.6054421768707,17.0756646216769,13.4410721324399,17.6622260421143,12.562358276644,1.73824130879346,1.37958218368151,1.71895143962183,4.12698412698413,NA,0.0394166338194718,NA,0.136054421768707,0.562372188139059,0.157666535277887,0.171895143962183,0.0453514739229025,NA,NA,NA,NA,0.664621676891616,0.86716594402838,0.644606789858187,0.498866213151927,NA,0.0394166338194718,NA,NA,18.0981595092025,13.953488372093,14.1813493768801,24.5804988662132,4.85685071574642,4.84824595979503,4.81306403094113,6.80272108843537,1.1758691206544,0.472999605833662,0.343790287924366,0.453514739229025
"703",77,16.5095327886026,15.9965598795958,18.9358652812612,24.8261983168679,26.2937355960612,27.0049451730811,25.3135077033321,12.221002561288,7.41671904462602,9.35282734895721,9.0290218559656,12.8979143798024,13.8696836371255,11.8469146420125,13.6510211393766,9.732894255397,1.236119840771,1.93506772737046,2.50806162665711,2.6344676180022,0.0209511837418814,NA,0.0179147259046937,NA,NA,0.0430015050526768,0.0179147259046937,0.0548847420417124,NA,NA,NA,NA,0.0628535512256442,0.0860030101053537,0.0358294518093873,NA,0.0419023674837628,0.107503762631692,0.0179147259046937,0.0365898280278083,31.3010685103708,30.4235648247689,27.0512361160874,33.2418587632638,3.22648229624974,3.20361212642442,3.42171264779649,4.31759970728138,0.0209511837418814,NA,NA,0.0365898280278083
"714",78,35.4492992580379,34.9483717235901,37.785016286645,37.0987654320988,10.0577081615829,6.75138999205719,8.06188925081433,7.65432098765432,2.88540807914262,3.4154090548054,2.85016286644951,2.22222222222222,4.61665292662819,5.32168387609214,4.72312703583062,4.75308641975309,4.36933223413026,4.13026211278793,4.47882736156352,6.17283950617284,0.247320692497939,NA,0.0814332247557003,NA,NA,0.39714058776807,NA,NA,NA,NA,NA,NA,2.1434460016488,1.03256552819698,1.87296416938111,0.987654320987654,0.0824402308326463,0.079428117553614,NA,NA,30.0082440230833,36.3780778395552,34.2019543973941,33.3333333333333,10.1401483924155,7.54567116759333,5.78175895765472,7.71604938271605,NA,NA,0.162866449511401,0.0617283950617284
"724",79,13.5519557487159,27.7063236870311,18.2220256523662,28.8765359859567,41.3966811536942,22.3204715969989,17.8829426507445,12.8291398478642,8.63295140260766,8.15916398713826,15.8189591626124,13.5313048566413,14.7273804820229,9.05680600214362,7.9905646469114,5.55880631948508,0.879099170288423,1.19239013933548,1.87232787851983,2.89643066120538,0.246937969182141,0.0937834941050375,0.0737136960047177,0.0292568753657109,0.0197550375345713,NA,0.0589709568037741,0.0146284376828555,NA,NA,NA,NA,0.592651126037139,0.388531618435155,0.50125313283208,0.234055002925688,0.00987751876728566,0.107181136120043,0.0147427392009435,0.526623756582797,16.8708020545239,25.4421221864952,28.2176028306059,28.1743709771796,3.06203081785855,5.51982851018221,9.31741117499631,7.27033352837917,0.00987751876728566,0.0133976420150054,0.0294854784018871,0.0585137507314219
"736",81,15.4666666666667,17.2892868169188,14.3767931144405,17.2995780590717,16.8296296296296,13.8005557270763,10.2327064073956,10.8063759962494,7.25925925925926,8.36677987033035,8.32005100414409,9.985935302391,9.6,10.1883297313986,11.7628307299968,7.00890764181903,1.54074074074074,2.37727693732634,2.3589416640102,4.50070323488045,0.148148148148148,0.0926211793763507,NA,NA,0.237037037037037,0.339610991046619,0.0956327701625757,NA,NA,0.0308737264587836,0.0637551801083838,NA,0.385185185185185,0.246989811670269,0.382531080650303,0.609470229723394,0.0888888888888889,0.154368632293918,NA,0.070323488045007,44.4444444444444,43.4084594010497,47.4019764105834,43.8584153774027,4,3.70484717505403,5.00478163850813,5.76652601969058,NA,NA,NA,0.093764650726676
"747",83,23.2979549572871,19.8819623755072,33.6313868613139,23.0569467631237,13.952886357753,10.7524898561416,5.34671532846715,4.6373585605639,4.11597204245405,3.3935817041682,2.00729927007299,2.50417362270451,8.98265596686513,7.32202139431944,5.32846715328467,4.69300686329067,1.91560962982138,1.86278126152711,2.42700729927007,2.39287701725097,0.284752782811287,0.0368867576540022,0.072992700729927,0.0741977369690224,0.181206316334455,0.0922168941350055,0.0364963503649635,0.0556483027267668,0.0258866166192079,NA,NA,NA,0.698938648718612,0.866838804869052,1.55109489051095,0.723427935447969,0.0258866166192079,0.0553301364810033,0.0364963503649635,NA,43.2824229873156,51.8443378827001,46.3503649635037,56.965312557967,3.15816722754336,3.87310955367023,3.21167883211679,4.89705063995548,0.0776598498576236,0.0184433788270011,NA,NA
"760",84,23.0869849574886,24.8171368861024,15.5442804428044,16.2510748065348,8.24068018312623,9.3521421107628,7.3339483394834,6.70679277730009,2.55068672334859,4.07523510971787,6.45756457564576,7.65262252794497,7.25964682799215,6.73981191222571,6.78044280442804,7.05073086844368,9.02550686723349,9.14315569487983,8.57933579335793,13.1986242476354,0.196206671026815,0.0522466039707419,0.0461254612546125,0.0429922613929493,NA,NA,0.0461254612546125,0.0429922613929493,NA,NA,NA,NA,0.065402223675605,0.104493207941484,NA,0.0429922613929493,0.457815565729235,NA,NA,0.0859845227858985,33.3551340745585,34.3782654127482,44.1881918819188,35.597592433362,12.6226291693918,9.87460815047022,9.73247232472325,11.3929492691316,3.13930673642904,1.46290491118077,1.29151291512915,1.93465176268272
"771",88,12.7878490935816,17.1101649813731,18.9248895434462,12.6815771270463,28.1969622733954,19.9574241617882,8.46833578792342,7.53977403735301,17.7609015188633,14.129856306546,10.6283750613648,13.6730458842518,9.18667319941205,11.8147951037786,4.95827196858125,6.47913304127277,1.49436550710436,2.31506120276743,5.84192439862543,6.61747751902237,0.0734933855952964,NA,NA,NA,0.440960313571779,NA,NA,0.0922296518330643,NA,NA,NA,NA,0.416462518373346,0.69185737094199,0.39273441335297,0.299746368457459,0.0489955903968643,0.0266098988823842,0.0245459008345606,0.783952040581047,24.7427731504165,26.5566790846195,43.9862542955326,42.7484436246253,4.82606565409113,7.37094199042044,6.77466863033873,8.69264468526631,0.0244977951984321,0.0266098988823842,NA,0.391976020290523
"783",9,21.5392838054516,19.5112016293279,38.2373113854595,34.9002367264119,14.3773383217531,8.14663951120163,6.75582990397805,5.47852553263443,6.25334045964725,7.86150712830957,6.44718792866941,7.27088265133581,4.91715660074826,6.19144602851324,3.97805212620027,4.59925600270544,19.8289684660609,15.5193482688391,16.1522633744856,15.8606695975651,0.0534473543559594,0.122199592668024,0.0342935528120713,0.0338180588434224,0.106894708711919,0.529531568228106,NA,0.0676361176868448,NA,NA,0.171467764060357,NA,0.0534473543559594,0.0407331975560081,0.0342935528120713,NA,0.213789417423838,0.0814663951120163,NA,0.13527223537369,21.2185996793159,30.061099796334,18.8271604938272,21.9479201893811,11.4377338321753,11.8126272912424,9.3278463648834,9.63814677037538,NA,0.122199592668024,0.0342935528120713,0.0676361176868448
"794",90,31.3529221827575,27.6007418647783,41.4598271741129,33.2727272727273,8.52437843073943,7.5198111616928,5.7547343261629,8.50909090909091,2.486277042299,4.75467880627213,3.56683213826071,5.49090909090909,6.39328382305457,4.75467880627213,3.0152601581173,2.21818181818182,2.2279625443978,3.84420839656045,2.35337378194521,3.10909090909091,0.0645786244752987,NA,0.0367714653428939,0.0363636363636364,0.0322893122376493,0.0337211262856179,NA,0.0363636363636364,NA,0.016860563142809,NA,NA,0.096867936712948,0.0843028157140448,0.0735429306857878,0.0363636363636364,0.0322893122376493,0.0337211262856179,NA,NA,41.5886341620923,47.9514415781487,38.4997242140099,41.0363636363636,7.10364869228285,3.40583375484741,5.20316234601949,6.21818181818182,0.096867936712948,NA,0.0367714653428939,0.0363636363636364
"806",94,51.9519519519519,41.8679549114332,41.3654618473896,29.9412915851272,6.23123123123123,7.72946859903382,4.41767068273092,4.59882583170254,1.05105105105105,1.69082125603865,0.937081659973226,2.5440313111546,7.58258258258258,9.90338164251208,3.34672021419009,3.8160469667319,2.92792792792793,3.5426731078905,10.0401606425703,9.00195694716243,NA,NA,0.133868808567604,NA,NA,0.0805152979066023,NA,NA,NA,NA,NA,NA,0.225225225225225,0.0805152979066023,0.535475234270415,NA,NA,NA,0.133868808567604,0.195694716242661,24.5495495495495,26.6505636070853,30.7898259705489,43.3463796477495,5.48048048048048,8.29307568438003,8.29986613119143,6.3600782778865,NA,0.161030595813205,NA,0.195694716242661
"814",NA,100,NA,NA,NA,NA,NA,NA,NA,NA,NA,NA,33.3333333333333,NA,NA,NA,33.3333333333333,NA,NA,NA,NA,NA,NA,NA,NA,NA,NA,NA,NA,NA,NA,NA,NA,NA,NA,NA,NA,NA,NA,NA,NA,NA,NA,NA,NA,NA,NA,NA,33.3333333333333,NA,NA,NA,NA
